first_name,last_name,email,phone,city,country
Krishna,Joshi,krishna.joshi1@example.com,8856453260,Toronto,France
Pooja,Malhotra,pooja.malhotra2@example.com,8158034675,London,India
Ananya,Johnson,ananya.johnson3@example.com,7717348246,Hyderabad,Germany
Amelia,Mishra,amelia.mishra4@example.com,8554915927,Hyderabad,India
Charles,Agarwal,charles.agarwal5@example.com,8324898520,Seattle,UK
Evelyn,Harris,evelyn.harris6@example.com,8385461742,Pune,India
Olivia,Singh,olivia.singh7@example.com,8090665274,Pune,Australia
Neha,Bansal,neha.bansal8@example.com,7829009170,Boston,Canada
Arjun,Chopra,arjun.chopra9@example.com,8307978102,Gurgaon,Germany
Nikhil,Smith,nikhil.smith10@example.com,8272505436,Bengaluru,France
Isabella,Arora,isabella.arora11@example.com,7222153220,Munich,Australia
Ananya,Singh,ananya.singh12@example.com,7584652986,Seattle,UK
Pooja,Jackson,pooja.jackson13@example.com,8995965031,New York,France
Thomas,Johnson,thomas.johnson14@example.com,7346259968,Seattle,Australia
Amelia,Anderson,amelia.anderson15@example.com,9178576735,Bengaluru,UK
Pooja,Reddy,pooja.reddy16@example.com,9028870357,Lyon,France
Emily,Anderson,emily.anderson17@example.com,7847579407,Jaipur,UK
Evelyn,Anderson,evelyn.anderson18@example.com,9161637862,Vancouver,Germany
Charles,Johnson,charles.johnson19@example.com,7646139072,Pune,UK
Sophia,Taylor,sophia.taylor20@example.com,9669692912,Hyderabad,USA
David,Iyer,david.iyer21@example.com,9678648071,Berlin,Canada
Charles,Gupta,charles.gupta22@example.com,8838054887,Ahmedabad,India
Krishna,Taylor,krishna.taylor23@example.com,9308330345,Mumbai,Australia
Daniel,Smith,daniel.smith24@example.com,8946440014,Mumbai,UK
Abigail,Malhotra,abigail.malhotra25@example.com,9310839968,Vancouver,USA
Ananya,Malhotra,ananya.malhotra26@example.com,7127421267,Sydney,Germany
James,White,james.white27@example.com,7957040898,Boston,USA
Vihaan,Malhotra,vihaan.malhotra28@example.com,7207361235,Bengaluru,UK
Charlotte,Martin,charlotte.martin29@example.com,9248023885,Gurgaon,USA
John,Brown,john.brown30@example.com,9253038552,Delhi,Canada
Krishna,Iyer,krishna.iyer31@example.com,8684382447,Pune,Australia
Robert,Thomas,robert.thomas32@example.com,9351272455,Delhi,Germany
Sneha,Martin,sneha.martin33@example.com,7314153929,London,USA
James,Iyer,james.iyer34@example.com,9483888778,San Francisco,USA
Isha,Brown,isha.brown35@example.com,9316538184,Sydney,USA
David,Pandey,david.pandey36@example.com,9580896756,Ahmedabad,UK
Sneha,Mehta,sneha.mehta37@example.com,8371660812,Jaipur,Australia
Pooja,Thomas,pooja.thomas38@example.com,7943375132,Mumbai,India
Abigail,Chopra,abigail.chopra39@example.com,9051637636,Gurgaon,India
Abigail,Jackson,abigail.jackson40@example.com,9721655946,London,Canada
Thomas,Saxena,thomas.saxena41@example.com,7815744768,Pune,Canada
Arjun,Brown,arjun.brown42@example.com,7831278186,Mumbai,Canada
Kunal,Arora,kunal.arora43@example.com,7110555111,Hyderabad,India
Thomas,Goyal,thomas.goyal44@example.com,9099326042,New York,USA
Rahul,Mishra,rahul.mishra45@example.com,8790343777,Gurgaon,France
Abigail,Patel,abigail.patel46@example.com,8733676534,London,France
Michael,Malhotra,michael.malhotra47@example.com,7564065820,Chicago,France
Sneha,Brown,sneha.brown48@example.com,9695489208,Vancouver,France
Michael,Arora,michael.arora49@example.com,7195319614,Toronto,India
Pooja,Iyer,pooja.iyer50@example.com,7644361907,Jaipur,USA
Emily,Sharma,emily.sharma51@example.com,8976699580,Mumbai,Australia
Rahul,White,rahul.white52@example.com,7210599243,Seattle,UK
Vihaan,Brown,vihaan.brown53@example.com,7578186460,Delhi,Canada
Pooja,Joshi,pooja.joshi54@example.com,8697810791,Noida,India
Aarav,Goyal,aarav.goyal55@example.com,7327986783,Birmingham,USA
Manish,Smith,manish.smith56@example.com,7182737944,Berlin,Germany
Joseph,Smith,joseph.smith57@example.com,8903837825,Mumbai,UK
Isha,Kapoor,isha.kapoor58@example.com,8329450548,Vancouver,Australia
Emily,Mehta,emily.mehta59@example.com,7221530331,Chennai,USA
Joseph,Mehta,joseph.mehta60@example.com,8748462114,Delhi,Australia
Sai,Iyer,sai.iyer61@example.com,8175173537,Noida,UK
Charles,Singh,charles.singh62@example.com,8987403916,Ahmedabad,USA
Olivia,Saxena,olivia.saxena63@example.com,9291435450,Chennai,UK
Charles,Arora,charles.arora64@example.com,7058411667,Berlin,France
Sai,Harris,sai.harris65@example.com,9365900695,Chennai,Germany
David,Gupta,david.gupta66@example.com,7530655597,Manchester,France
William,Jain,william.jain67@example.com,9398284937,Mumbai,Australia
Manish,Harris,manish.harris68@example.com,8508002601,Vancouver,USA
Aarav,Patel,aarav.patel69@example.com,7870919709,Boston,India
Sai,Pandey,sai.pandey70@example.com,8954476050,Paris,USA
Isabella,Singh,isabella.singh71@example.com,8723848166,Ahmedabad,UK
Mia,Joshi,mia.joshi72@example.com,8029235942,Hyderabad,Canada
Kunal,Verma,kunal.verma73@example.com,7817597631,Seattle,Canada
Michael,Mehta,michael.mehta74@example.com,8638222376,Lyon,Australia
John,Singh,john.singh75@example.com,7070079800,Pune,UK
Evelyn,Arora,evelyn.arora76@example.com,9496182978,Berlin,USA
Vihaan,Agarwal,vihaan.agarwal77@example.com,7023147160,Chicago,UK
Aditya,Pandey,aditya.pandey78@example.com,7022284423,Melbourne,UK
Michael,Taylor,michael.taylor79@example.com,8084267452,Lyon,USA
Evelyn,Pandey,evelyn.pandey80@example.com,9091418172,Lyon,USA
Thomas,Malhotra,thomas.malhotra81@example.com,7878073925,Delhi,Australia
Robert,Singh,robert.singh82@example.com,8610748321,Manchester,Canada
Abigail,Iyer,abigail.iyer83@example.com,8159368567,Chennai,USA
Arjun,Singh,arjun.singh84@example.com,8440454776,Toronto,UK
Emily,Malhotra,emily.malhotra85@example.com,8181285698,Hyderabad,Germany
Neha,Agarwal,neha.agarwal86@example.com,8387817816,London,Australia
Aditya,Jain,aditya.jain87@example.com,9218642533,Mumbai,Germany
Abigail,Jain,abigail.jain88@example.com,7970556887,Noida,Canada
Isabella,Mehta,isabella.mehta89@example.com,7904498155,Seattle,India
Vihaan,Jackson,vihaan.jackson90@example.com,9801854549,Ahmedabad,Germany
Pooja,Bansal,pooja.bansal91@example.com,8246408510,Toronto,Canada
James,Goyal,james.goyal92@example.com,8055304900,Ahmedabad,India
Robert,Anderson,robert.anderson93@example.com,9232705351,Chennai,India
Thomas,Thomas,thomas.thomas94@example.com,9153168584,Toronto,USA
Isha,Jackson,isha.jackson95@example.com,9763720180,Manchester,Canada
Pooja,Gupta,pooja.gupta96@example.com,9974694175,Gurgaon,Canada
Arjun,Pandey,arjun.pandey97@example.com,8468969978,Noida,Germany
Michael,Joshi,michael.joshi98@example.com,8902915249,Chicago,India
Emily,Verma,emily.verma99@example.com,7197078602,Paris,India
Emma,Reddy,emma.reddy100@example.com,9303560413,Delhi,Canada
Thomas,Mehta,thomas.mehta101@example.com,8295883507,Toronto,Canada
Siddharth,White,siddharth.white102@example.com,7120207823,Delhi,UK
Neha,Jackson,neha.jackson103@example.com,8325399952,Birmingham,India
Kunal,Harris,kunal.harris104@example.com,7184132137,San Francisco,India
Krishna,Saxena,krishna.saxena105@example.com,7308580311,Noida,Canada
Sai,Mehta,sai.mehta106@example.com,8175255782,Pune,India
Joseph,Saxena,joseph.saxena107@example.com,8004012079,Delhi,France
Amelia,Jain,amelia.jain108@example.com,8704790792,San Francisco,Australia
Aarav,Mehta,aarav.mehta109@example.com,8099583681,Pune,Germany
Emma,Sharma,emma.sharma110@example.com,7337353042,Noida,France
Krishna,Gupta,krishna.gupta111@example.com,8046759667,Paris,UK
Charlotte,Taylor,charlotte.taylor112@example.com,8508902630,Mumbai,Canada
Sai,Chopra,sai.chopra113@example.com,8248755167,Delhi,Australia
Amelia,Martin,amelia.martin114@example.com,9566756354,Hyderabad,UK
Pooja,Goyal,pooja.goyal115@example.com,9109848349,Vancouver,UK
Kunal,Iyer,kunal.iyer116@example.com,9089330762,Jaipur,Australia
Kunal,Bansal,kunal.bansal117@example.com,9693423803,Gurgaon,Australia
Ananya,Bansal,ananya.bansal118@example.com,9748493069,Jaipur,France
Rohan,Kapoor,rohan.kapoor119@example.com,9368125150,Toronto,USA
Joseph,Jackson,joseph.jackson120@example.com,7797048680,Bengaluru,India
Kunal,Jackson,kunal.jackson121@example.com,8307732462,Chennai,Australia
Neha,Reddy,neha.reddy122@example.com,9369117296,Chennai,Canada
Emily,Kapoor,emily.kapoor123@example.com,9071100801,Paris,India
Sai,Malhotra,sai.malhotra124@example.com,8030732671,Berlin,UK
Rahul,Pandey,rahul.pandey125@example.com,9450055398,Birmingham,Canada
Ananya,Thomas,ananya.thomas126@example.com,8788416533,Jaipur,India
Isabella,Kapoor,isabella.kapoor127@example.com,9101425207,Mumbai,France
Amelia,Verma,amelia.verma128@example.com,9067813424,London,India
Emma,Anderson,emma.anderson129@example.com,7290718146,Toronto,Canada
James,Singh,james.singh130@example.com,8298188176,London,USA
David,Taylor,david.taylor131@example.com,7156459318,Pune,UK
Amelia,Smith,amelia.smith132@example.com,7354051906,Ahmedabad,India
Sneha,Johnson,sneha.johnson133@example.com,8547485948,Chicago,Canada
Mia,Johnson,mia.johnson134@example.com,8090185634,Bengaluru,Germany
Vihaan,Goyal,vihaan.goyal135@example.com,7923828710,Melbourne,Germany
Isabella,Goyal,isabella.goyal136@example.com,7044550150,Lyon,France
John,Mehta,john.mehta137@example.com,8050472817,London,Canada
Manish,Gupta,manish.gupta138@example.com,8202620740,New York,UK
Rahul,Reddy,rahul.reddy139@example.com,8652661435,Vancouver,USA
Emma,Johnson,emma.johnson140@example.com,8763190553,Mumbai,UK
Daniel,Taylor,daniel.taylor141@example.com,9568767934,Hyderabad,France
Ritika,Taylor,ritika.taylor142@example.com,9729447989,Gurgaon,Canada
Thomas,Brown,thomas.brown143@example.com,7480728279,Paris,USA
Arjun,Patel,arjun.patel144@example.com,7432982078,Berlin,Canada
Emily,Harris,emily.harris145@example.com,7354594723,Jaipur,Australia
Robert,Bansal,robert.bansal146@example.com,7228136344,Paris,India
Daniel,White,daniel.white147@example.com,9533592934,Delhi,UK
Daniel,Patel,daniel.patel148@example.com,7588073479,Seattle,Canada
Isabella,Johnson,isabella.johnson149@example.com,7213646711,Jaipur,USA
Kunal,Agarwal,kunal.agarwal150@example.com,8096165486,Pune,Canada
Olivia,Mishra,olivia.mishra151@example.com,7604350773,Boston,UK
Amit,Mishra,amit.mishra152@example.com,7059574495,Chicago,Germany
Daniel,Brown,daniel.brown153@example.com,8758288213,Vancouver,Germany
Joseph,Sharma,joseph.sharma154@example.com,9644014459,Jaipur,Canada
Neha,Verma,neha.verma155@example.com,9088188163,Berlin,Australia
Mia,Chopra,mia.chopra156@example.com,7392296083,Gurgaon,Australia
Sophia,Smith,sophia.smith157@example.com,9004592796,Ahmedabad,UK
Daniel,Bansal,daniel.bansal158@example.com,7250505953,Jaipur,Australia
Charles,White,charles.white159@example.com,7368872187,Paris,France
Ritika,Bansal,ritika.bansal160@example.com,9756381504,Munich,Canada
Vihaan,Martin,vihaan.martin161@example.com,7930892047,Birmingham,Canada
Sneha,Arora,sneha.arora162@example.com,8656884827,Jaipur,France
Emily,Singh,emily.singh163@example.com,8924269448,Chicago,France
Charlotte,Thomas,charlotte.thomas164@example.com,7443257795,Chennai,France
Sophia,Sharma,sophia.sharma165@example.com,7639142612,Mumbai,USA
Sophia,Singh,sophia.singh166@example.com,7895057583,Jaipur,Australia
Vivaan,Brown,vivaan.brown167@example.com,9179048542,Ahmedabad,France
Vihaan,Pandey,vihaan.pandey168@example.com,9102497781,Ahmedabad,Canada
Emily,Agarwal,emily.agarwal169@example.com,9930900959,Chennai,Australia
William,Singh,william.singh170@example.com,7261567429,Gurgaon,USA
Rohan,Thomas,rohan.thomas171@example.com,8586664140,Sydney,France
Siddharth,Bansal,siddharth.bansal172@example.com,7773747824,Noida,USA
James,Harris,james.harris173@example.com,7267555502,San Francisco,India
Emma,Mishra,emma.mishra174@example.com,8552121508,London,Australia
Manish,Jain,manish.jain175@example.com,7626427308,Toronto,UK
Rahul,Goyal,rahul.goyal176@example.com,8480415955,Seattle,India
Manish,Arora,manish.arora177@example.com,8257718268,Munich,UK
Emily,White,emily.white178@example.com,7972841625,Birmingham,France
Isha,Verma,isha.verma179@example.com,9679842676,Boston,UK
Kunal,Sharma,kunal.sharma180@example.com,8707828954,Toronto,France
Sneha,Patel,sneha.patel181@example.com,8224102751,Chennai,UK
Nikhil,Mehta,nikhil.mehta182@example.com,7709041375,Noida,UK
Joseph,Kapoor,joseph.kapoor183@example.com,8139917065,Toronto,Australia
Emily,Taylor,emily.taylor184@example.com,8268830366,Ahmedabad,Canada
Evelyn,Joshi,evelyn.joshi185@example.com,8111279466,Manchester,France
Pooja,Patel,pooja.patel186@example.com,8641390019,Hyderabad,Germany
Rohan,Jain,rohan.jain187@example.com,9589806318,Lyon,India
Sophia,Anderson,sophia.anderson188@example.com,7607569994,Paris,France
Charlotte,Singh,charlotte.singh189@example.com,9040134894,Delhi,France
Evelyn,Kapoor,evelyn.kapoor190@example.com,7226153829,Gurgaon,India
James,Taylor,james.taylor191@example.com,8686217572,Lyon,India
James,Joshi,james.joshi192@example.com,9659175472,Munich,Australia
Joseph,Martin,joseph.martin193@example.com,9072028402,London,Germany
Ananya,Jackson,ananya.jackson194@example.com,8720565174,Melbourne,Australia
Rahul,Kapoor,rahul.kapoor195@example.com,7506729317,Boston,USA
Siddharth,Johnson,siddharth.johnson196@example.com,7556893850,Munich,USA
Emily,Saxena,emily.saxena197@example.com,7387803584,Manchester,USA
William,Iyer,william.iyer198@example.com,7586937301,Sydney,France
Ananya,Taylor,ananya.taylor199@example.com,7903087900,Jaipur,Germany
Siddharth,Kapoor,siddharth.kapoor200@example.com,7964806846,Pune,UK
Daniel,Pandey,daniel.pandey201@example.com,9551273684,Mumbai,UK
Abigail,Joshi,abigail.joshi202@example.com,8426636653,Vancouver,India
Thomas,Sharma,thomas.sharma203@example.com,9641720615,Hyderabad,USA
Nikhil,Agarwal,nikhil.agarwal204@example.com,7958946487,Gurgaon,USA
Sophia,Agarwal,sophia.agarwal205@example.com,9521089411,Jaipur,UK
Sai,Jain,sai.jain206@example.com,7639619690,Seattle,UK
Abigail,Verma,abigail.verma207@example.com,9101541713,Delhi,UK
Emma,Brown,emma.brown208@example.com,7778520617,Seattle,USA
Ritika,Martin,ritika.martin209@example.com,8301385839,London,India
Mia,Malhotra,mia.malhotra210@example.com,9973736427,Toronto,Australia
Aditya,Martin,aditya.martin211@example.com,8907088516,Munich,India
Arjun,Joshi,arjun.joshi212@example.com,9827885925,Chicago,Canada
Ritika,Patel,ritika.patel213@example.com,7790403081,Birmingham,USA
James,Chopra,james.chopra214@example.com,9198141875,Gurgaon,India
James,Mishra,james.mishra215@example.com,7180175416,Manchester,France
Robert,Brown,robert.brown216@example.com,9155542139,Gurgaon,India
Michael,Bansal,michael.bansal217@example.com,9900025431,London,Australia
Isha,Harris,isha.harris218@example.com,7754441828,Noida,India
Isha,White,isha.white219@example.com,8312615695,Jaipur,Canada
David,Jain,david.jain220@example.com,9830175116,Noida,USA
Kunal,Jain,kunal.jain221@example.com,7630587667,London,France
John,Chopra,john.chopra222@example.com,8897576960,Chennai,UK
Aditya,Iyer,aditya.iyer223@example.com,8963306054,Mumbai,Australia
Siddharth,Arora,siddharth.arora224@example.com,7356881232,San Francisco,India
Michael,Iyer,michael.iyer225@example.com,9629605415,Lyon,France
Sneha,Smith,sneha.smith226@example.com,9505589792,Boston,France
Isabella,Patel,isabella.patel227@example.com,8310069192,Mumbai,Australia
Charles,Kapoor,charles.kapoor228@example.com,7878490462,Gurgaon,Canada
Emma,Bansal,emma.bansal229@example.com,7159067159,Berlin,Australia
Ritika,White,ritika.white230@example.com,9801922649,Sydney,USA
Michael,Jackson,michael.jackson231@example.com,7776273777,Hyderabad,UK
Neha,Martin,neha.martin232@example.com,8317032549,Hyderabad,France
Thomas,Jackson,thomas.jackson233@example.com,9915869771,Mumbai,India
Ritika,Agarwal,ritika.agarwal234@example.com,8304264077,London,USA
Vivaan,Joshi,vivaan.joshi235@example.com,8117041944,Hyderabad,Germany
Daniel,Harris,daniel.harris236@example.com,7238481827,New York,USA
Charles,Goyal,charles.goyal237@example.com,9961691714,Berlin,UK
Amit,Anderson,amit.anderson238@example.com,8267146144,Birmingham,India
Michael,Singh,michael.singh239@example.com,8770613329,Pune,UK
Vihaan,Harris,vihaan.harris240@example.com,8950062962,Gurgaon,Canada
Olivia,Kapoor,olivia.kapoor241@example.com,9578364516,Berlin,France
Abigail,Singh,abigail.singh242@example.com,7647742402,Birmingham,USA
Charlotte,Bansal,charlotte.bansal243@example.com,8172883566,Mumbai,Australia
Amit,Chopra,amit.chopra244@example.com,9061133392,Jaipur,UK
Vivaan,Chopra,vivaan.chopra245@example.com,9132697102,Seattle,India
Arjun,Saxena,arjun.saxena246@example.com,9285846972,London,USA
David,Thomas,david.thomas247@example.com,8007237078,Gurgaon,USA
Krishna,Johnson,krishna.johnson248@example.com,7751844324,Manchester,France
Nikhil,Pandey,nikhil.pandey249@example.com,7146083767,Noida,Germany
Thomas,Agarwal,thomas.agarwal250@example.com,8791165965,Paris,Australia
Rahul,Saxena,rahul.saxena251@example.com,7609433038,Munich,UK
Ananya,Joshi,ananya.joshi252@example.com,7478536551,Melbourne,Canada
Sophia,Kapoor,sophia.kapoor253@example.com,7368707496,New York,Australia
William,Patel,william.patel254@example.com,7399898353,London,UK
Sophia,Bansal,sophia.bansal255@example.com,7512926899,Gurgaon,Canada
Rahul,Martin,rahul.martin256@example.com,7732973799,San Francisco,Australia
Sai,Mishra,sai.mishra257@example.com,9567874905,Bengaluru,UK
John,Arora,john.arora258@example.com,8331607976,San Francisco,Canada
Joseph,Chopra,joseph.chopra259@example.com,9399091526,Toronto,UK
John,Reddy,john.reddy260@example.com,7037657209,Melbourne,Germany
Olivia,Chopra,olivia.chopra261@example.com,8991198982,Toronto,UK
Charles,Chopra,charles.chopra262@example.com,7748718149,Berlin,France
Charlotte,Johnson,charlotte.johnson263@example.com,9897364762,Delhi,France
Amelia,Agarwal,amelia.agarwal264@example.com,8139415634,Gurgaon,USA
William,Chopra,william.chopra265@example.com,8300797838,Hyderabad,France
Kunal,Brown,kunal.brown266@example.com,8151077903,Ahmedabad,France
Aditya,Joshi,aditya.joshi267@example.com,9585014219,Munich,France
Michael,Anderson,michael.anderson268@example.com,8231583309,Mumbai,Australia
Vihaan,Singh,vihaan.singh269@example.com,7610682313,New York,France
Charlotte,Harris,charlotte.harris270@example.com,9461482331,New York,Australia
Olivia,Bansal,olivia.bansal271@example.com,8599357226,Boston,India
Thomas,Jain,thomas.jain272@example.com,8403631703,Ahmedabad,Australia
Daniel,Kapoor,daniel.kapoor273@example.com,8460598148,Melbourne,India
Thomas,Iyer,thomas.iyer274@example.com,9682262570,Manchester,USA
Neha,Singh,neha.singh275@example.com,7762261162,Vancouver,Germany
Vivaan,Kapoor,vivaan.kapoor276@example.com,9966560432,Sydney,Australia
Evelyn,Malhotra,evelyn.malhotra277@example.com,9739620612,Boston,Canada
Amit,Jain,amit.jain278@example.com,7803103067,Toronto,France
Ananya,Brown,ananya.brown279@example.com,9060554929,London,USA
Emma,Harris,emma.harris280@example.com,8116508665,San Francisco,France
Siddharth,Brown,siddharth.brown281@example.com,8349366689,Paris,Germany
Amit,Thomas,amit.thomas282@example.com,8572187532,Noida,France
Thomas,Anderson,thomas.anderson283@example.com,9346394506,Toronto,USA
Sneha,Verma,sneha.verma284@example.com,9899976554,Delhi,UK
Neha,Johnson,neha.johnson285@example.com,7665390933,London,Australia
Thomas,Smith,thomas.smith286@example.com,8273740933,San Francisco,Australia
Amit,Singh,amit.singh287@example.com,9252145378,Lyon,Australia
Vihaan,Thomas,vihaan.thomas288@example.com,7283564956,Lyon,Australia
Krishna,Brown,krishna.brown289@example.com,9378951092,Boston,France
Joseph,Harris,joseph.harris290@example.com,7268541037,Hyderabad,Germany
Vihaan,Iyer,vihaan.iyer291@example.com,8770805710,Lyon,Germany
Neha,Anderson,neha.anderson292@example.com,8293060929,London,Germany
Nikhil,Anderson,nikhil.anderson293@example.com,9246475607,Munich,USA
Amit,Mehta,amit.mehta294@example.com,8151887893,Chicago,India
Rohan,Arora,rohan.arora295@example.com,7500493881,Noida,UK
Aarav,Agarwal,aarav.agarwal296@example.com,9018641866,Vancouver,India
Joseph,Pandey,joseph.pandey297@example.com,8213162949,London,USA
Emily,Patel,emily.patel298@example.com,9341986710,Lyon,Canada
Amelia,Joshi,amelia.joshi299@example.com,7187854891,Paris,India
William,Pandey,william.pandey300@example.com,8727661416,Birmingham,USA
Arjun,Iyer,arjun.iyer301@example.com,9362085526,Boston,India
Robert,Johnson,robert.johnson302@example.com,9106449009,San Francisco,USA
Arjun,Goyal,arjun.goyal303@example.com,8483145530,Toronto,Canada
Sneha,Malhotra,sneha.malhotra304@example.com,8273834076,Berlin,UK
Mia,Anderson,mia.anderson305@example.com,8112566549,Munich,UK
Amit,Agarwal,amit.agarwal306@example.com,7055390039,Pune,UK
Olivia,Malhotra,olivia.malhotra307@example.com,7279181336,Birmingham,France
Isabella,Brown,isabella.brown308@example.com,7102794338,Chennai,Canada
Robert,Mehta,robert.mehta309@example.com,9574948992,Boston,Australia
Amit,Iyer,amit.iyer310@example.com,9289529402,Boston,Australia
Rohan,Mehta,rohan.mehta311@example.com,7844161908,Noida,France
Amit,Reddy,amit.reddy312@example.com,8742495771,Chennai,UK
Neha,White,neha.white313@example.com,8421504503,London,France
Amit,Verma,amit.verma314@example.com,7007832148,Manchester,UK
Olivia,Jackson,olivia.jackson315@example.com,7691271579,Boston,Canada
Michael,Brown,michael.brown316@example.com,8960901376,Manchester,Australia
Ananya,Reddy,ananya.reddy317@example.com,7273066120,Boston,India
Evelyn,Chopra,evelyn.chopra318@example.com,7913576359,Birmingham,USA
Vihaan,Chopra,vihaan.chopra319@example.com,7924139186,Chennai,USA
Arjun,Bansal,arjun.bansal320@example.com,7083467639,Toronto,Australia
Emma,Malhotra,emma.malhotra321@example.com,7362186190,Munich,France
Aarav,Anderson,aarav.anderson322@example.com,7160508901,Munich,UK
Neha,Pandey,neha.pandey323@example.com,7069098882,San Francisco,Germany
David,Malhotra,david.malhotra324@example.com,8527377712,Sydney,India
Mia,Brown,mia.brown325@example.com,9183326008,San Francisco,Germany
Sai,Johnson,sai.johnson326@example.com,8986769131,Chennai,USA
Vivaan,Iyer,vivaan.iyer327@example.com,8239988650,Seattle,UK
William,Goyal,william.goyal328@example.com,7037222459,San Francisco,Canada
Evelyn,Patel,evelyn.patel329@example.com,7066869737,Seattle,USA
Manish,Singh,manish.singh330@example.com,8402742313,New York,Germany
Aditya,Verma,aditya.verma331@example.com,8853420362,London,Germany
Vivaan,Saxena,vivaan.saxena332@example.com,8957727254,Jaipur,USA
Thomas,Bansal,thomas.bansal333@example.com,8062708096,Paris,Germany
Charlotte,Mehta,charlotte.mehta334@example.com,7238226629,Toronto,UK
Sophia,Malhotra,sophia.malhotra335@example.com,7542798678,Vancouver,USA
Rahul,Sharma,rahul.sharma336@example.com,9121198947,Hyderabad,USA
Michael,Saxena,michael.saxena337@example.com,7599782727,Vancouver,Germany
Charlotte,Jackson,charlotte.jackson338@example.com,7329915026,Berlin,Canada
Rahul,Gupta,rahul.gupta339@example.com,8345221415,Ahmedabad,India
Pooja,Jain,pooja.jain340@example.com,7875508085,Noida,Canada
David,White,david.white341@example.com,9396021136,Chennai,UK
Rahul,Agarwal,rahul.agarwal342@example.com,8762544001,Berlin,Canada
Arjun,Gupta,arjun.gupta343@example.com,8536997937,Mumbai,France
Rahul,Iyer,rahul.iyer344@example.com,8083170524,Birmingham,Australia
Siddharth,Iyer,siddharth.iyer345@example.com,9591072719,Vancouver,UK
Evelyn,Martin,evelyn.martin346@example.com,9751204472,Boston,Australia
Ritika,Joshi,ritika.joshi347@example.com,7099501020,Lyon,Germany
Aarav,Saxena,aarav.saxena348@example.com,8501853177,Paris,Germany
Amelia,Singh,amelia.singh349@example.com,9954517336,Mumbai,USA
Charlotte,Malhotra,charlotte.malhotra350@example.com,9792005924,Hyderabad,France
Sai,Smith,sai.smith351@example.com,9838556933,Ahmedabad,Australia
Vivaan,Patel,vivaan.patel352@example.com,9174479277,Hyderabad,France
Sophia,Martin,sophia.martin353@example.com,9426968159,Munich,Germany
Sophia,Saxena,sophia.saxena354@example.com,7857885520,London,Australia
Michael,Verma,michael.verma355@example.com,8851717878,Bengaluru,Canada
Sai,Saxena,sai.saxena356@example.com,7732578533,Boston,USA
Olivia,Gupta,olivia.gupta357@example.com,7227722397,Berlin,India
David,Singh,david.singh358@example.com,9369941082,Toronto,Canada
Kunal,Johnson,kunal.johnson359@example.com,9712526450,New York,USA
Pooja,Chopra,pooja.chopra360@example.com,9123676713,Munich,India
Krishna,Jackson,krishna.jackson361@example.com,7089267013,Jaipur,India
Amelia,Taylor,amelia.taylor362@example.com,7170690398,Birmingham,USA
Arjun,Jackson,arjun.jackson363@example.com,7641285560,Toronto,Canada
Arjun,Anderson,arjun.anderson364@example.com,7035773159,Bengaluru,France
Sophia,Patel,sophia.patel365@example.com,7069656356,London,Germany
Krishna,Reddy,krishna.reddy366@example.com,8618316524,Vancouver,UK
Robert,Harris,robert.harris367@example.com,7390439518,Melbourne,USA
Vihaan,Taylor,vihaan.taylor368@example.com,9412609689,Ahmedabad,Australia
Abigail,Kapoor,abigail.kapoor369@example.com,7992350390,Seattle,India
Ananya,Chopra,ananya.chopra370@example.com,9421711791,Mumbai,USA
Krishna,Arora,krishna.arora371@example.com,8164658228,Boston,Germany
Mia,Taylor,mia.taylor372@example.com,9363282613,Toronto,UK
Rahul,Taylor,rahul.taylor373@example.com,8305240081,San Francisco,Germany
Emma,Taylor,emma.taylor374@example.com,7336648550,Gurgaon,India
Emma,Saxena,emma.saxena375@example.com,7368103846,Berlin,Canada
Daniel,Martin,daniel.martin376@example.com,9926318970,Vancouver,UK
James,Arora,james.arora377@example.com,9209228872,Mumbai,Canada
Vivaan,Gupta,vivaan.gupta378@example.com,7276875739,London,India
Aarav,Reddy,aarav.reddy379@example.com,7519633064,Birmingham,Canada
Aarav,Gupta,aarav.gupta380@example.com,9315947477,Hyderabad,India
Neha,Taylor,neha.taylor381@example.com,8163985164,Pune,Germany
Aditya,Bansal,aditya.bansal382@example.com,7547577427,Melbourne,France
Daniel,Mehta,daniel.mehta383@example.com,8373572190,Bengaluru,India
Vivaan,Johnson,vivaan.johnson384@example.com,8667471795,Chicago,India
Isha,Joshi,isha.joshi385@example.com,8195765252,Chicago,Australia
Manish,Bansal,manish.bansal386@example.com,7623442872,Ahmedabad,France
Krishna,Bansal,krishna.bansal387@example.com,8331115188,Delhi,Canada
John,Gupta,john.gupta388@example.com,9558194088,Sydney,France
Vihaan,Joshi,vihaan.joshi389@example.com,7290976080,Sydney,France
Vivaan,Jackson,vivaan.jackson390@example.com,7407586958,Paris,USA
Ananya,Jain,ananya.jain391@example.com,9286205879,Paris,UK
Manish,Iyer,manish.iyer392@example.com,9097704355,Boston,Australia
Sneha,Iyer,sneha.iyer393@example.com,7748820663,London,Australia
James,Bansal,james.bansal394@example.com,8627923427,Jaipur,Australia
Joseph,Reddy,joseph.reddy395@example.com,8579686820,Mumbai,Germany
William,Joshi,william.joshi396@example.com,7818720147,Melbourne,India
Arjun,Reddy,arjun.reddy397@example.com,7219788067,Chicago,Canada
Amit,Martin,amit.martin398@example.com,7084957836,Birmingham,Australia
David,Goyal,david.goyal399@example.com,8468406915,Paris,Canada
Charlotte,Sharma,charlotte.sharma400@example.com,9947521391,Lyon,Germany
Isha,Singh,isha.singh401@example.com,8466597480,Ahmedabad,France
Isabella,Taylor,isabella.taylor402@example.com,9216492047,Bengaluru,UK
Aarav,Iyer,aarav.iyer403@example.com,8416830981,Melbourne,Australia
Sophia,Chopra,sophia.chopra404@example.com,9853817355,Birmingham,Germany
Abigail,Harris,abigail.harris405@example.com,7137668878,Ahmedabad,Germany
Isabella,Harris,isabella.harris406@example.com,9217683324,Chennai,India
Vihaan,Reddy,vihaan.reddy407@example.com,7526579020,Chennai,USA
Manish,Malhotra,manish.malhotra408@example.com,9340709041,Paris,UK
Charles,Martin,charles.martin409@example.com,8235658795,Mumbai,Germany
Pooja,Brown,pooja.brown410@example.com,9703072225,Delhi,Canada
Ritika,Mehta,ritika.mehta411@example.com,8348634288,London,Australia
Joseph,Singh,joseph.singh412@example.com,9980309846,Lyon,Canada
Arjun,Johnson,arjun.johnson413@example.com,7437812690,Gurgaon,USA
Amelia,Gupta,amelia.gupta414@example.com,7339839395,Bengaluru,Canada
Rohan,Jackson,rohan.jackson415@example.com,8092793296,Bengaluru,USA
Sophia,Harris,sophia.harris416@example.com,7218425317,Gurgaon,Germany
Evelyn,White,evelyn.white417@example.com,9008114456,Vancouver,Australia
Nikhil,Arora,nikhil.arora418@example.com,7315634903,Seattle,Germany
Ananya,Agarwal,ananya.agarwal419@example.com,7953248647,Seattle,Germany
Isha,Iyer,isha.iyer420@example.com,9348067613,Munich,Germany
Siddharth,Mehta,siddharth.mehta421@example.com,7681200576,Vancouver,France
Isha,Agarwal,isha.agarwal422@example.com,8831886494,Boston,Germany
Vivaan,Bansal,vivaan.bansal423@example.com,7297737906,Ahmedabad,Canada
Emma,Jackson,emma.jackson424@example.com,9451226780,Toronto,India
Rahul,Patel,rahul.patel425@example.com,9136099036,Seattle,France
Charles,Patel,charles.patel426@example.com,8187816743,Lyon,USA
Siddharth,Reddy,siddharth.reddy427@example.com,9672291244,Boston,Germany
Neha,Saxena,neha.saxena428@example.com,8895607759,Delhi,UK
Sai,Martin,sai.martin429@example.com,7902459945,Delhi,Canada
James,Pandey,james.pandey430@example.com,9372426138,New York,India
Sneha,Harris,sneha.harris431@example.com,7745752848,Seattle,Canada
Isabella,Mishra,isabella.mishra432@example.com,7282957869,Sydney,India
Aditya,Mehta,aditya.mehta433@example.com,7834511809,Vancouver,UK
William,Smith,william.smith434@example.com,8681330956,Chennai,UK
Emma,Goyal,emma.goyal435@example.com,9579950700,Paris,France
Mia,Harris,mia.harris436@example.com,8212815914,Pune,France
Isha,Jain,isha.jain437@example.com,8749662956,Manchester,France
Rohan,Reddy,rohan.reddy438@example.com,8040071053,Gurgaon,Germany
Thomas,Pandey,thomas.pandey439@example.com,8763832383,Boston,UK
Isabella,Iyer,isabella.iyer440@example.com,7551741632,Berlin,Canada
Amit,White,amit.white441@example.com,7249007941,Gurgaon,USA
Thomas,White,thomas.white442@example.com,8166382548,Delhi,UK
Isabella,Pandey,isabella.pandey443@example.com,8657691491,Vancouver,France
James,Anderson,james.anderson444@example.com,8793356898,Munich,USA
Daniel,Goyal,daniel.goyal445@example.com,8569188778,Birmingham,UK
Isabella,Jain,isabella.jain446@example.com,7500980527,Mumbai,UK
David,Harris,david.harris447@example.com,8114442014,Noida,USA
Sai,Agarwal,sai.agarwal448@example.com,8575057597,Noida,France
Robert,Malhotra,robert.malhotra449@example.com,7584299624,Ahmedabad,Germany
Vivaan,Thomas,vivaan.thomas450@example.com,9581105582,Vancouver,Germany
Emily,Jain,emily.jain451@example.com,9776747249,Chennai,Canada
Aditya,Reddy,aditya.reddy452@example.com,9535652441,Gurgaon,Canada
Amit,Patel,amit.patel453@example.com,7868018081,Seattle,UK
James,Malhotra,james.malhotra454@example.com,7957251411,Berlin,France
Emma,Verma,emma.verma455@example.com,8732377697,Seattle,France
Nikhil,Kapoor,nikhil.kapoor456@example.com,8726218692,Melbourne,Australia
Pooja,Verma,pooja.verma457@example.com,7699808403,Jaipur,Germany
Isha,Patel,isha.patel458@example.com,9530834675,Mumbai,Germany
Robert,Mishra,robert.mishra459@example.com,8024310917,Birmingham,UK
John,Bansal,john.bansal460@example.com,9871341878,Ahmedabad,Australia
Abigail,Gupta,abigail.gupta461@example.com,9864903876,San Francisco,Australia
Vihaan,Mehta,vihaan.mehta462@example.com,8658088428,Vancouver,Canada
Sai,Kapoor,sai.kapoor463@example.com,7652475510,Chennai,USA
Kunal,Pandey,kunal.pandey464@example.com,9614331437,Manchester,India
Amelia,Patel,amelia.patel465@example.com,7043177209,Jaipur,Germany
Mia,Goyal,mia.goyal466@example.com,9807781081,Chennai,Australia
Sai,Bansal,sai.bansal467@example.com,7470027415,Manchester,UK
Sneha,Saxena,sneha.saxena468@example.com,9814770222,Hyderabad,India
Thomas,Joshi,thomas.joshi469@example.com,9577447365,Ahmedabad,Australia
Charles,Malhotra,charles.malhotra470@example.com,8934780066,Chicago,Canada
Sophia,White,sophia.white471@example.com,8919764568,Vancouver,UK
Arjun,Agarwal,arjun.agarwal472@example.com,7401062382,Jaipur,France
Aarav,Thomas,aarav.thomas473@example.com,7561903523,Chennai,India
Amelia,Malhotra,amelia.malhotra474@example.com,7822850739,Manchester,India
Abigail,Johnson,abigail.johnson475@example.com,9515607589,Sydney,USA
Charles,Joshi,charles.joshi476@example.com,7636719741,Sydney,India
Kunal,Goyal,kunal.goyal477@example.com,7732619388,Bengaluru,Canada
Abigail,Sharma,abigail.sharma478@example.com,8868823523,Hyderabad,UK
David,Sharma,david.sharma479@example.com,7456433287,San Francisco,France
Sophia,Jackson,sophia.jackson480@example.com,8523839074,New York,UK
Sai,Gupta,sai.gupta481@example.com,8817741765,Bengaluru,Germany
Joseph,Thomas,joseph.thomas482@example.com,7026556389,Vancouver,Australia
Isabella,Smith,isabella.smith483@example.com,9279841808,Munich,Australia
Robert,Agarwal,robert.agarwal484@example.com,7789369231,Manchester,UK
Evelyn,Agarwal,evelyn.agarwal485@example.com,9224455411,Gurgaon,Germany
Aarav,Sharma,aarav.sharma486@example.com,7428711379,Chicago,UK
Michael,Agarwal,michael.agarwal487@example.com,9812984476,Mumbai,Canada
Sneha,Anderson,sneha.anderson488@example.com,8618328896,Vancouver,Australia
Aarav,Jackson,aarav.jackson489@example.com,7523481991,Paris,France
James,Patel,james.patel490@example.com,7361733083,Delhi,USA
Manish,Goyal,manish.goyal491@example.com,7393002492,Toronto,USA
Olivia,Taylor,olivia.taylor492@example.com,9465503601,Mumbai,Canada
Ananya,Mehta,ananya.mehta493@example.com,7872573905,San Francisco,UK
Emily,Johnson,emily.johnson494@example.com,7199706811,Sydney,UK
Vihaan,Kapoor,vihaan.kapoor495@example.com,8948843980,Paris,USA
Emily,Mishra,emily.mishra496@example.com,9820525518,Noida,Germany
Rohan,Patel,rohan.patel497@example.com,8302911414,Sydney,UK
Amelia,Arora,amelia.arora498@example.com,8756220334,Mumbai,USA
Sophia,Iyer,sophia.iyer499@example.com,7120525791,Boston,Canada
Abigail,Arora,abigail.arora500@example.com,9205518514,Gurgaon,UK
William,Thomas,william.thomas501@example.com,7243992540,Manchester,Germany
Charlotte,Reddy,charlotte.reddy502@example.com,7776363887,Vancouver,UK
Isabella,Saxena,isabella.saxena503@example.com,8467587526,Manchester,UK
Thomas,Mishra,thomas.mishra504@example.com,9673356297,Mumbai,India
Krishna,Thomas,krishna.thomas505@example.com,9809493835,Gurgaon,France
Thomas,Harris,thomas.harris506@example.com,8316219770,Toronto,France
Abigail,Brown,abigail.brown507@example.com,7259671271,Melbourne,France
Evelyn,Mishra,evelyn.mishra508@example.com,9896080802,New York,USA
Olivia,Goyal,olivia.goyal509@example.com,7603299351,Manchester,Australia
Evelyn,Sharma,evelyn.sharma510@example.com,7397798049,Bengaluru,India
Rahul,Mehta,rahul.mehta511@example.com,8425306202,Toronto,USA
Amit,Johnson,amit.johnson512@example.com,8643476349,Paris,India
Neha,Chopra,neha.chopra513@example.com,9673008733,New York,Germany
Evelyn,Taylor,evelyn.taylor514@example.com,8992374746,Seattle,USA
William,Gupta,william.gupta515@example.com,8092501093,Seattle,France
Vihaan,Anderson,vihaan.anderson516@example.com,9421900591,Ahmedabad,Germany
Nikhil,Joshi,nikhil.joshi517@example.com,8561794490,Hyderabad,Germany
Emma,Singh,emma.singh518@example.com,8290260888,Chennai,USA
Kunal,White,kunal.white519@example.com,7906044372,Pune,India
Emma,Kapoor,emma.kapoor520@example.com,8798126801,Jaipur,UK
Aditya,Anderson,aditya.anderson521@example.com,8895745956,San Francisco,UK
Sneha,Kapoor,sneha.kapoor522@example.com,7355039437,Hyderabad,Canada
Manish,Mehta,manish.mehta523@example.com,7188035661,Delhi,India
Vivaan,Goyal,vivaan.goyal524@example.com,8469519584,Ahmedabad,UK
Sophia,Thomas,sophia.thomas525@example.com,9096858680,Hyderabad,Australia
Manish,Agarwal,manish.agarwal526@example.com,9879896914,Toronto,UK
Evelyn,Reddy,evelyn.reddy527@example.com,9006055834,Gurgaon,UK
Siddharth,Jain,siddharth.jain528@example.com,7843605976,San Francisco,France
Abigail,Goyal,abigail.goyal529@example.com,9228077162,Boston,Germany
Amit,Arora,amit.arora530@example.com,9290942814,Mumbai,UK
Charlotte,Iyer,charlotte.iyer531@example.com,7528808955,Birmingham,UK
Michael,Jain,michael.jain532@example.com,7912245632,Vancouver,UK
Amit,Saxena,amit.saxena533@example.com,8689216224,Melbourne,Canada
Isabella,Thomas,isabella.thomas534@example.com,7120683597,Hyderabad,USA
Ritika,Iyer,ritika.iyer535@example.com,7933576544,Vancouver,France
Sai,Singh,sai.singh536@example.com,9649133008,London,USA
Kunal,Taylor,kunal.taylor537@example.com,7644073563,Noida,Australia
Isha,Sharma,isha.sharma538@example.com,8175053559,Pune,Australia
Siddharth,Jackson,siddharth.jackson539@example.com,9661352111,Chicago,USA
Joseph,Taylor,joseph.taylor540@example.com,7976074993,Noida,Canada
Charlotte,Arora,charlotte.arora541@example.com,8028152616,Jaipur,Canada
Pooja,Taylor,pooja.taylor542@example.com,7248186109,Manchester,India
Rahul,Smith,rahul.smith543@example.com,8292485277,Chicago,Germany
Sai,Patel,sai.patel544@example.com,8953817544,Toronto,Australia
Olivia,Jain,olivia.jain545@example.com,9922970572,Jaipur,Canada
Neha,Joshi,neha.joshi546@example.com,7807204271,Vancouver,France
Arjun,Malhotra,arjun.malhotra547@example.com,7085665714,Seattle,France
Sneha,Agarwal,sneha.agarwal548@example.com,8710075427,Vancouver,France
Amit,Brown,amit.brown549@example.com,7139274864,Lyon,India
William,White,william.white550@example.com,9151036405,Lyon,Australia
Charles,Mishra,charles.mishra551@example.com,9290721731,Chennai,Germany
Sophia,Pandey,sophia.pandey552@example.com,7144999024,Mumbai,UK
Vivaan,Harris,vivaan.harris553@example.com,9249942417,Ahmedabad,Canada
Abigail,Smith,abigail.smith554@example.com,9467611183,Chicago,India
Nikhil,Reddy,nikhil.reddy555@example.com,9295914363,Paris,France
Pooja,Singh,pooja.singh556@example.com,7915975428,Noida,Canada
Vihaan,Gupta,vihaan.gupta557@example.com,8342810917,Boston,Canada
Emma,Mehta,emma.mehta558@example.com,8265282210,Pune,India
Nikhil,Jackson,nikhil.jackson559@example.com,9669943498,New York,USA
Isha,Malhotra,isha.malhotra560@example.com,9134311428,Jaipur,Canada
Mia,White,mia.white561@example.com,9857593153,Seattle,Germany
Siddharth,Pandey,siddharth.pandey562@example.com,8740873967,Bengaluru,Australia
Olivia,Brown,olivia.brown563@example.com,8059762189,Manchester,Canada
David,Reddy,david.reddy564@example.com,9454745141,Noida,France
Robert,White,robert.white565@example.com,9586087278,Delhi,Australia
Olivia,Mehta,olivia.mehta566@example.com,8089042524,London,USA
Nikhil,Singh,nikhil.singh567@example.com,7968217281,Lyon,India
Emma,Iyer,emma.iyer568@example.com,8638215089,Bengaluru,Australia
Neha,Thomas,neha.thomas569@example.com,9408745527,Lyon,UK
Pooja,Agarwal,pooja.agarwal570@example.com,8521914521,Mumbai,Germany
Charlotte,Verma,charlotte.verma571@example.com,9473730089,Delhi,Germany
Nikhil,Mishra,nikhil.mishra572@example.com,7931654459,Bengaluru,India
Sophia,Mishra,sophia.mishra573@example.com,7484421229,Manchester,Canada
Sai,Goyal,sai.goyal574@example.com,7625647055,Chicago,Australia
Isha,Martin,isha.martin575@example.com,8593550121,Bengaluru,Canada
Aarav,Harris,aarav.harris576@example.com,7022863535,Boston,India
Aditya,Saxena,aditya.saxena577@example.com,9253450781,Munich,Germany
Krishna,Pandey,krishna.pandey578@example.com,9475544963,Chennai,UK
Emma,Smith,emma.smith579@example.com,7847261964,London,India
Olivia,Agarwal,olivia.agarwal580@example.com,7882082834,Melbourne,Germany
Abigail,Mishra,abigail.mishra581@example.com,7881752674,Paris,UK
Isha,Bansal,isha.bansal582@example.com,8260153582,London,Australia
Aditya,Gupta,aditya.gupta583@example.com,7203020796,Boston,UK
Michael,Patel,michael.patel584@example.com,9451863944,Vancouver,Australia
Charlotte,Goyal,charlotte.goyal585@example.com,7278226567,Vancouver,USA
James,Mehta,james.mehta586@example.com,9369176460,Sydney,Germany
Ananya,White,ananya.white587@example.com,9421578760,Vancouver,Germany
Rahul,Bansal,rahul.bansal588@example.com,7523311816,Bengaluru,Germany
Isabella,White,isabella.white589@example.com,7442017985,Delhi,Germany
Vihaan,Patel,vihaan.patel590@example.com,8296162140,Mumbai,Canada
Charlotte,Agarwal,charlotte.agarwal591@example.com,7923352607,Hyderabad,USA
Ananya,Sharma,ananya.sharma592@example.com,9324076991,Melbourne,Australia
Thomas,Kapoor,thomas.kapoor593@example.com,7900115476,Chicago,Australia
John,Harris,john.harris594@example.com,9174031294,Pune,Germany
Daniel,Johnson,daniel.johnson595@example.com,9395572037,Mumbai,USA
Charlotte,Brown,charlotte.brown596@example.com,9194477828,Toronto,USA
Olivia,Patel,olivia.patel597@example.com,9652167066,Pune,India
Joseph,Patel,joseph.patel598@example.com,7203864386,Melbourne,UK
Isha,Taylor,isha.taylor599@example.com,7490708195,Manchester,UK
Michael,Smith,michael.smith600@example.com,7943798811,Paris,Germany
James,Jackson,james.jackson601@example.com,9448819351,Hyderabad,Australia
Nikhil,Malhotra,nikhil.malhotra602@example.com,7816435158,Manchester,USA
Kunal,Malhotra,kunal.malhotra603@example.com,9927036116,Chennai,Canada
Evelyn,Smith,evelyn.smith604@example.com,8693899135,Chicago,USA
James,Verma,james.verma605@example.com,9619425617,Chicago,Canada
Daniel,Arora,daniel.arora606@example.com,9080699956,Sydney,Germany
Rahul,Harris,rahul.harris607@example.com,8472614067,Seattle,India
John,Verma,john.verma608@example.com,9284462765,Munich,USA
Robert,Goyal,robert.goyal609@example.com,8314693985,Hyderabad,Australia
Manish,Pandey,manish.pandey610@example.com,7296618509,Seattle,India
John,Malhotra,john.malhotra611@example.com,9796424819,Manchester,Australia
Amit,Bansal,amit.bansal612@example.com,8480391784,Paris,USA
Ritika,Harris,ritika.harris613@example.com,9792662544,Mumbai,Germany
Siddharth,Harris,siddharth.harris614@example.com,8495175706,Mumbai,Canada
Mia,Iyer,mia.iyer615@example.com,8992882470,Bengaluru,India
Rohan,Sharma,rohan.sharma616@example.com,9008048090,Paris,India
Sneha,White,sneha.white617@example.com,7161183592,Bengaluru,Canada
Ananya,Martin,ananya.martin618@example.com,9592492092,London,USA
Vihaan,Jain,vihaan.jain619@example.com,7446177856,Lyon,France
Emma,Joshi,emma.joshi620@example.com,7297427005,New York,Canada
William,Mehta,william.mehta621@example.com,8259535016,Gurgaon,France
John,Thomas,john.thomas622@example.com,9553439310,Lyon,France
Mia,Jain,mia.jain623@example.com,9257583580,Delhi,Australia
Evelyn,Jain,evelyn.jain624@example.com,9410551188,Seattle,France
Sai,Jackson,sai.jackson625@example.com,7663670782,Paris,USA
Joseph,Mishra,joseph.mishra626@example.com,8807698014,Sydney,USA
Evelyn,Verma,evelyn.verma627@example.com,7225928438,Noida,UK
Sneha,Sharma,sneha.sharma628@example.com,9309096264,Boston,UK
Nikhil,Patel,nikhil.patel629@example.com,8837343624,Seattle,France
Rohan,White,rohan.white630@example.com,8908577620,Delhi,India
Sophia,Johnson,sophia.johnson631@example.com,7843849971,Hyderabad,UK
James,Saxena,james.saxena632@example.com,8313781782,Boston,USA
Vihaan,Johnson,vihaan.johnson633@example.com,9227270592,Seattle,Australia
James,Gupta,james.gupta634@example.com,7733814838,Delhi,Germany
Nikhil,Goyal,nikhil.goyal635@example.com,8630257257,Melbourne,Australia
James,Martin,james.martin636@example.com,7146004288,Bengaluru,Australia
Evelyn,Bansal,evelyn.bansal637@example.com,8465438403,Birmingham,Australia
Amelia,Brown,amelia.brown638@example.com,7516231593,Pune,USA
Robert,Saxena,robert.saxena639@example.com,9459511157,Lyon,USA
Robert,Patel,robert.patel640@example.com,8251987327,Ahmedabad,France
Ritika,Chopra,ritika.chopra641@example.com,7851977473,Bengaluru,France
Manish,Jackson,manish.jackson642@example.com,9589493676,Mumbai,UK
Michael,Harris,michael.harris643@example.com,7339600545,San Francisco,India
Mia,Verma,mia.verma644@example.com,8602472187,Melbourne,Germany
Charles,Brown,charles.brown645@example.com,7808177612,Toronto,Germany
Neha,Harris,neha.harris646@example.com,7070262077,Ahmedabad,Germany
Aarav,Joshi,aarav.joshi647@example.com,8309167491,Mumbai,Australia
Rohan,Chopra,rohan.chopra648@example.com,9364710453,Delhi,USA
William,Harris,william.harris649@example.com,9582768114,Birmingham,UK
Siddharth,Mishra,siddharth.mishra650@example.com,8385947790,Munich,Germany
Rohan,Gupta,rohan.gupta651@example.com,9575474526,Pune,France
Krishna,Singh,krishna.singh652@example.com,7642607945,Pune,France
Amit,Joshi,amit.joshi653@example.com,9564103028,Noida,France
Siddharth,Joshi,siddharth.joshi654@example.com,7130551527,Mumbai,France
Arjun,Taylor,arjun.taylor655@example.com,9011488176,Melbourne,Germany
Rohan,Anderson,rohan.anderson656@example.com,9222440902,San Francisco,USA
Siddharth,Saxena,siddharth.saxena657@example.com,8406142516,Boston,Germany
Siddharth,Taylor,siddharth.taylor658@example.com,8031589723,Noida,USA
Aditya,Sharma,aditya.sharma659@example.com,9046676024,Ahmedabad,Canada
Emily,Reddy,emily.reddy660@example.com,7890038884,Bengaluru,UK
Rohan,Harris,rohan.harris661@example.com,7208057560,Chennai,USA
Isabella,Bansal,isabella.bansal662@example.com,8228110336,Delhi,Germany
Pooja,Pandey,pooja.pandey663@example.com,8009037500,Chicago,India
Ananya,Mishra,ananya.mishra664@example.com,9970938711,Hyderabad,France
Emily,Smith,emily.smith665@example.com,8538497816,Paris,UK
Isabella,Agarwal,isabella.agarwal666@example.com,7016622979,Bengaluru,Australia
Robert,Martin,robert.martin667@example.com,8337370175,Vancouver,Canada
Daniel,Chopra,daniel.chopra668@example.com,9097433299,Bengaluru,Germany
Aarav,Taylor,aarav.taylor669@example.com,7551374562,Vancouver,UK
Emily,Iyer,emily.iyer670@example.com,7023209023,Chennai,USA
William,Saxena,william.saxena671@example.com,8964296419,Delhi,USA
David,Smith,david.smith672@example.com,8160079704,Pune,Germany
Pooja,White,pooja.white673@example.com,7970717186,Munich,France
Charles,Thomas,charles.thomas674@example.com,7129165596,London,Germany
Arjun,White,arjun.white675@example.com,8008154707,Birmingham,Australia
Manish,Saxena,manish.saxena676@example.com,8934276010,Seattle,Canada
Rohan,Brown,rohan.brown677@example.com,7603624494,London,USA
Sophia,Reddy,sophia.reddy678@example.com,8643773513,Melbourne,Germany
James,Kapoor,james.kapoor679@example.com,8006321025,Pune,Australia
Emma,White,emma.white680@example.com,9614169894,Jaipur,Australia
Nikhil,Jain,nikhil.jain681@example.com,7704846444,Manchester,Australia
Daniel,Verma,daniel.verma682@example.com,8785733695,Lyon,Germany
Nikhil,Harris,nikhil.harris683@example.com,9785533513,Birmingham,UK
Rahul,Verma,rahul.verma684@example.com,7400529589,New York,India
Ritika,Smith,ritika.smith685@example.com,9466706872,Manchester,France
Charlotte,Anderson,charlotte.anderson686@example.com,8378960937,Paris,India
Abigail,Taylor,abigail.taylor687@example.com,9659356513,Birmingham,Australia
John,Anderson,john.anderson688@example.com,8529158649,Pune,Germany
Emily,Bansal,emily.bansal689@example.com,7900309037,Lyon,France
Sai,Anderson,sai.anderson690@example.com,7922912394,Noida,Germany
Isabella,Malhotra,isabella.malhotra691@example.com,7272149399,Munich,Germany
John,White,john.white692@example.com,9337238243,Sydney,Australia
Sneha,Pandey,sneha.pandey693@example.com,8755469648,Noida,France
Charlotte,Kapoor,charlotte.kapoor694@example.com,8330118004,Ahmedabad,Canada
Vivaan,Smith,vivaan.smith695@example.com,9283201347,Toronto,Australia
Pooja,Arora,pooja.arora696@example.com,7999630205,Sydney,France
Sneha,Taylor,sneha.taylor697@example.com,8854925715,Bengaluru,Canada
Neha,Arora,neha.arora698@example.com,7854612559,Munich,Germany
Isabella,Joshi,isabella.joshi699@example.com,7029609516,Delhi,UK
Nikhil,Taylor,nikhil.taylor700@example.com,9571193030,Bengaluru,Australia
Mia,Sharma,mia.sharma701@example.com,8905491686,San Francisco,USA
Ritika,Mishra,ritika.mishra702@example.com,8767018509,Sydney,Germany
Charles,Anderson,charles.anderson703@example.com,9689864946,Chennai,India
William,Malhotra,william.malhotra704@example.com,9776467309,London,UK
Vihaan,Smith,vihaan.smith705@example.com,7447959083,Seattle,India
Sneha,Jackson,sneha.jackson706@example.com,7357130320,Munich,Canada
William,Sharma,william.sharma707@example.com,8803865447,Ahmedabad,France
Isabella,Martin,isabella.martin708@example.com,9649456181,San Francisco,Germany
James,Johnson,james.johnson709@example.com,9694575539,Toronto,USA
Siddharth,Goyal,siddharth.goyal710@example.com,7964905821,Gurgaon,India
Emma,Arora,emma.arora711@example.com,7660935657,Mumbai,Canada
Robert,Sharma,robert.sharma712@example.com,8589191410,Noida,India
Emily,Brown,emily.brown713@example.com,9359771601,Boston,Germany
Aarav,Kapoor,aarav.kapoor714@example.com,9207487718,Bengaluru,Canada
Sneha,Jain,sneha.jain715@example.com,9309869826,London,Germany
Amelia,White,amelia.white716@example.com,7849800074,Ahmedabad,USA
Sophia,Mehta,sophia.mehta717@example.com,7066960337,Chennai,Canada
David,Arora,david.arora718@example.com,8065694391,New York,Canada
Aditya,Harris,aditya.harris719@example.com,8987415656,Lyon,France
Kunal,Mehta,kunal.mehta720@example.com,8871317450,Manchester,France
Vihaan,Arora,vihaan.arora721@example.com,9879109034,Hyderabad,UK
Isabella,Reddy,isabella.reddy722@example.com,7538689169,Toronto,USA
Thomas,Gupta,thomas.gupta723@example.com,9868404949,Manchester,Canada
Charlotte,Jain,charlotte.jain724@example.com,9043643352,Toronto,Germany
Daniel,Jain,daniel.jain725@example.com,8576242886,Melbourne,France
Joseph,Brown,joseph.brown726@example.com,7646622892,Bengaluru,India
Charlotte,Joshi,charlotte.joshi727@example.com,7340258624,Paris,USA
Sai,Thomas,sai.thomas728@example.com,7002487100,Vancouver,Canada
Rohan,Agarwal,rohan.agarwal729@example.com,8877299685,New York,France
Abigail,Thomas,abigail.thomas730@example.com,7783736211,Chennai,India
Isha,Johnson,isha.johnson731@example.com,7772140588,Pune,Canada
Robert,Iyer,robert.iyer732@example.com,9855346359,Mumbai,USA
Pooja,Johnson,pooja.johnson733@example.com,8628438838,Pune,USA
Aditya,Brown,aditya.brown734@example.com,7289787929,Hyderabad,France
Aditya,Thomas,aditya.thomas735@example.com,9615642927,Berlin,Canada
Rohan,Martin,rohan.martin736@example.com,7682537264,Pune,France
Rohan,Malhotra,rohan.malhotra737@example.com,7284168365,Bengaluru,India
Krishna,Mehta,krishna.mehta738@example.com,9652932197,Paris,France
Emily,Arora,emily.arora739@example.com,9287318098,Boston,Germany
Isha,Mishra,isha.mishra740@example.com,7712376974,Chennai,France
Rohan,Singh,rohan.singh741@example.com,8429541838,Toronto,France
Vivaan,Anderson,vivaan.anderson742@example.com,9649848166,Chicago,France
Vihaan,Saxena,vihaan.saxena743@example.com,8557208722,Mumbai,USA
Sneha,Reddy,sneha.reddy744@example.com,7820500263,Toronto,Australia
Vihaan,Verma,vihaan.verma745@example.com,9475970408,Toronto,Australia
Joseph,Malhotra,joseph.malhotra746@example.com,8751449366,London,Canada
Krishna,Jain,krishna.jain747@example.com,8246084314,Vancouver,France
Kunal,Kapoor,kunal.kapoor748@example.com,9392650317,London,UK
Isabella,Anderson,isabella.anderson749@example.com,7676729117,Noida,USA
Neha,Patel,neha.patel750@example.com,9772712230,Manchester,USA
Arjun,Mehta,arjun.mehta751@example.com,9307667197,Jaipur,UK
Ananya,Verma,ananya.verma752@example.com,9820452353,Pune,Canada
Vivaan,Agarwal,vivaan.agarwal753@example.com,8121916269,Vancouver,UK
John,Smith,john.smith754@example.com,8019972939,Lyon,Canada
Rohan,Taylor,rohan.taylor755@example.com,9054462974,Birmingham,Germany
Neha,Sharma,neha.sharma756@example.com,7060287623,London,India
Aditya,Johnson,aditya.johnson757@example.com,9636928581,Paris,USA
Emma,Patel,emma.patel758@example.com,9777366273,Chennai,France
Pooja,Smith,pooja.smith759@example.com,9621292348,Chicago,UK
Manish,Patel,manish.patel760@example.com,7060284735,Seattle,Australia
Sneha,Mishra,sneha.mishra761@example.com,9269421056,Bengaluru,Australia
Manish,Taylor,manish.taylor762@example.com,7252491364,New York,India
Ananya,Iyer,ananya.iyer763@example.com,8998253356,San Francisco,India
Vivaan,Pandey,vivaan.pandey764@example.com,8206090054,Manchester,Australia
Joseph,Iyer,joseph.iyer765@example.com,8992838590,New York,USA
Evelyn,Mehta,evelyn.mehta766@example.com,9569386102,Sydney,India
Vihaan,Mishra,vihaan.mishra767@example.com,8695711109,Jaipur,France
Pooja,Anderson,pooja.anderson768@example.com,9347442019,Melbourne,Australia
Neha,Mehta,neha.mehta769@example.com,7198725475,New York,India
David,Bansal,david.bansal770@example.com,9257387053,Noida,Germany
Emma,Gupta,emma.gupta771@example.com,9094087099,Chennai,Germany
Nikhil,Saxena,nikhil.saxena772@example.com,8279105383,Jaipur,Australia
Nikhil,Verma,nikhil.verma773@example.com,8610041367,Delhi,Australia
Arjun,Thomas,arjun.thomas774@example.com,9261769376,Gurgaon,Germany
Michael,Gupta,michael.gupta775@example.com,9303070886,Mumbai,Australia
Siddharth,Martin,siddharth.martin776@example.com,8052059721,Jaipur,France
Krishna,Patel,krishna.patel777@example.com,8495969547,Berlin,Canada
Abigail,Anderson,abigail.anderson778@example.com,8526187598,Chennai,Canada
Isha,Reddy,isha.reddy779@example.com,7357129609,Chicago,UK
Aarav,Mishra,aarav.mishra780@example.com,9293747593,Vancouver,India
Manish,Verma,manish.verma781@example.com,7202308208,Munich,USA
Manish,Kapoor,manish.kapoor782@example.com,9881031955,Sydney,France
John,Taylor,john.taylor783@example.com,7116447549,Birmingham,France
Amelia,Goyal,amelia.goyal784@example.com,9601350126,Lyon,Canada
Krishna,Agarwal,krishna.agarwal785@example.com,7229984468,Gurgaon,India
William,Johnson,william.johnson786@example.com,7575536141,Delhi,UK
Siddharth,Smith,siddharth.smith787@example.com,8905786406,Seattle,France
Aarav,Malhotra,aarav.malhotra788@example.com,7541015617,Lyon,UK
Aditya,Jackson,aditya.jackson789@example.com,9175552295,Hyderabad,France
David,Chopra,david.chopra790@example.com,7123389914,Sydney,UK
James,Brown,james.brown791@example.com,8603553589,Noida,USA
Sai,Arora,sai.arora792@example.com,9264207854,Seattle,Germany
Evelyn,Brown,evelyn.brown793@example.com,7013097780,Jaipur,Germany
Emily,Chopra,emily.chopra794@example.com,9535869447,Manchester,India
Charles,Reddy,charles.reddy795@example.com,8047510352,Boston,UK
Robert,Verma,robert.verma796@example.com,7810578217,Hyderabad,India
Nikhil,Iyer,nikhil.iyer797@example.com,8773013894,Hyderabad,Australia
Sophia,Goyal,sophia.goyal798@example.com,9358644993,Chicago,USA
Michael,Kapoor,michael.kapoor799@example.com,9205469958,Mumbai,USA
David,Mishra,david.mishra800@example.com,7355815683,Jaipur,UK
Charles,Mehta,charles.mehta801@example.com,7519611219,Vancouver,India
John,Kapoor,john.kapoor802@example.com,9440243055,Sydney,Australia
Vivaan,Singh,vivaan.singh803@example.com,7915444431,Chicago,USA
Mia,Martin,mia.martin804@example.com,8697514080,Chicago,UK
Aditya,Arora,aditya.arora805@example.com,7165340783,Gurgaon,France
Mia,Kapoor,mia.kapoor806@example.com,9681021868,Ahmedabad,Australia
Neha,Smith,neha.smith807@example.com,9838308557,Paris,India
James,Thomas,james.thomas808@example.com,7162766327,Toronto,France
James,Agarwal,james.agarwal809@example.com,7085269423,Lyon,USA
Robert,Smith,robert.smith810@example.com,9089151495,Manchester,Australia
Amelia,Mehta,amelia.mehta811@example.com,7781246788,New York,India
Kunal,Patel,kunal.patel812@example.com,9075439264,Noida,France
Daniel,Agarwal,daniel.agarwal813@example.com,9238246931,Seattle,USA
David,Johnson,david.johnson814@example.com,7452624097,Chicago,India
Nikhil,Martin,nikhil.martin815@example.com,8893027405,Berlin,Germany
Isha,Gupta,isha.gupta816@example.com,8681733712,San Francisco,France
Siddharth,Thomas,siddharth.thomas817@example.com,7061208401,Mumbai,India
Thomas,Arora,thomas.arora818@example.com,7184815473,New York,Canada
David,Verma,david.verma819@example.com,9278029498,London,Australia
Abigail,White,abigail.white820@example.com,9394553620,Pune,USA
Daniel,Reddy,daniel.reddy821@example.com,8450246582,Munich,USA
Ritika,Malhotra,ritika.malhotra822@example.com,7727641519,San Francisco,India
Mia,Smith,mia.smith823@example.com,8685902481,Berlin,Canada
Rohan,Joshi,rohan.joshi824@example.com,8918366423,Lyon,Germany
Isha,Anderson,isha.anderson825@example.com,8255656785,Sydney,India
David,Brown,david.brown826@example.com,7464584030,Chennai,Australia
Ritika,Verma,ritika.verma827@example.com,9217259753,London,Germany
Daniel,Saxena,daniel.saxena828@example.com,8971049560,Melbourne,Germany
Robert,Taylor,robert.taylor829@example.com,7663205654,Bengaluru,Canada
Ritika,Anderson,ritika.anderson830@example.com,9249859046,Gurgaon,Germany
Joseph,Verma,joseph.verma831@example.com,7619590648,Pune,UK
Ritika,Kapoor,ritika.kapoor832@example.com,9146486394,Sydney,Canada
Mia,Singh,mia.singh833@example.com,8304355801,Berlin,Germany
David,Agarwal,david.agarwal834@example.com,8191716566,Boston,Canada
Amelia,Bansal,amelia.bansal835@example.com,9088875740,Gurgaon,Germany
Krishna,Smith,krishna.smith836@example.com,9654196828,London,Australia
Aditya,Singh,aditya.singh837@example.com,8685793230,Chicago,Australia
Emma,Martin,emma.martin838@example.com,8412275261,Bengaluru,France
Arjun,Kapoor,arjun.kapoor839@example.com,9374791801,Toronto,USA
Aarav,Johnson,aarav.johnson840@example.com,8832138040,Munich,Canada
Michael,Johnson,michael.johnson841@example.com,9803805638,Gurgaon,Canada
Ananya,Arora,ananya.arora842@example.com,7862760290,Manchester,Australia
Daniel,Singh,daniel.singh843@example.com,8362828211,Gurgaon,France
Joseph,Jain,joseph.jain844@example.com,7134632551,Lyon,Germany
Aarav,Singh,aarav.singh845@example.com,9464523975,New York,India
Amelia,Pandey,amelia.pandey846@example.com,7206349592,Lyon,India
Aditya,Patel,aditya.patel847@example.com,7541812980,Noida,Australia
Vihaan,White,vihaan.white848@example.com,9923301357,Sydney,France
Aditya,White,aditya.white849@example.com,7969815794,Ahmedabad,Canada
Arjun,Jain,arjun.jain850@example.com,9703211345,Munich,Australia
Evelyn,Gupta,evelyn.gupta851@example.com,8787474543,Ahmedabad,UK
Charles,Harris,charles.harris852@example.com,7136972744,Vancouver,Germany
William,Agarwal,william.agarwal853@example.com,7627229188,Munich,Germany
Rahul,Brown,rahul.brown854@example.com,9581815223,Boston,UK
Isha,Arora,isha.arora855@example.com,7570546995,Melbourne,France
Ananya,Kapoor,ananya.kapoor856@example.com,7530618324,Pune,France
Amelia,Jackson,amelia.jackson857@example.com,8914711235,Birmingham,Australia
Emily,Pandey,emily.pandey858@example.com,7603750053,New York,Canada
Sophia,Brown,sophia.brown859@example.com,8501992742,Hyderabad,Canada
Thomas,Taylor,thomas.taylor860@example.com,8568193987,Hyderabad,India
John,Sharma,john.sharma861@example.com,9624966654,Hyderabad,India
Amelia,Kapoor,amelia.kapoor862@example.com,8681090202,Chicago,USA
Evelyn,Thomas,evelyn.thomas863@example.com,8668597513,Jaipur,Australia
Manish,Mishra,manish.mishra864@example.com,9305788681,Seattle,UK
Aditya,Mishra,aditya.mishra865@example.com,8658440960,San Francisco,France
Siddharth,Malhotra,siddharth.malhotra866@example.com,7505731132,New York,Australia
Thomas,Patel,thomas.patel867@example.com,8551828793,Melbourne,USA
James,Smith,james.smith868@example.com,8589403546,Gurgaon,Canada
David,Kapoor,david.kapoor869@example.com,7062643101,Chennai,India
William,Taylor,william.taylor870@example.com,7934188331,Pune,USA
Charlotte,Gupta,charlotte.gupta871@example.com,7305624694,Melbourne,Australia
Amit,Kapoor,amit.kapoor872@example.com,8089616273,Chicago,Australia
Robert,Arora,robert.arora873@example.com,9771818769,Bengaluru,Australia
Vihaan,Bansal,vihaan.bansal874@example.com,7618278145,Lyon,UK
John,Mishra,john.mishra875@example.com,9565680570,Birmingham,France
Vivaan,Sharma,vivaan.sharma876@example.com,9500680136,New York,UK
Emily,Gupta,emily.gupta877@example.com,9469959643,Vancouver,India
Daniel,Sharma,daniel.sharma878@example.com,9696799853,London,Germany
Joseph,Johnson,joseph.johnson879@example.com,8694248815,Toronto,UK
Olivia,Verma,olivia.verma880@example.com,9818615178,Mumbai,France
Abigail,Martin,abigail.martin881@example.com,7473209563,Noida,Canada
Vivaan,Taylor,vivaan.taylor882@example.com,9153547692,Paris,Germany
Emma,Agarwal,emma.agarwal883@example.com,9516298542,Jaipur,Germany
William,Reddy,william.reddy884@example.com,8619774552,Chicago,Australia
Emily,Goyal,emily.goyal885@example.com,9910432959,Seattle,USA
Siddharth,Agarwal,siddharth.agarwal886@example.com,9610599901,Munich,Germany
Sai,Brown,sai.brown887@example.com,7252527166,Munich,Germany
Manish,Joshi,manish.joshi888@example.com,8279758654,Mumbai,France
Pooja,Harris,pooja.harris889@example.com,7494843164,Delhi,India
Rahul,Thomas,rahul.thomas890@example.com,7719228887,Pune,Australia
Ritika,Johnson,ritika.johnson891@example.com,8092006617,Hyderabad,Germany
Aarav,Smith,aarav.smith892@example.com,8978996535,Vancouver,France
Siddharth,Chopra,siddharth.chopra893@example.com,8112231365,Manchester,USA
Michael,Thomas,michael.thomas894@example.com,9996129051,Bengaluru,Australia
Vivaan,White,vivaan.white895@example.com,8051494004,Boston,Canada
Charlotte,Saxena,charlotte.saxena896@example.com,7228655048,Ahmedabad,India
Kunal,Singh,kunal.singh897@example.com,8415286359,Berlin,UK
Emma,Pandey,emma.pandey898@example.com,9776791369,Paris,Germany
Isha,Chopra,isha.chopra899@example.com,8456270271,Delhi,Germany
John,Saxena,john.saxena900@example.com,8486488224,Hyderabad,Australia
Mia,Jackson,mia.jackson901@example.com,7839799011,Birmingham,Germany
Isabella,Verma,isabella.verma902@example.com,7616220173,Mumbai,India
Nikhil,Gupta,nikhil.gupta903@example.com,7962955335,Pune,Canada
John,Agarwal,john.agarwal904@example.com,9873014316,Gurgaon,Germany
Mia,Saxena,mia.saxena905@example.com,9530373263,Jaipur,India
Robert,Reddy,robert.reddy906@example.com,8786293544,Mumbai,UK
Ananya,Pandey,ananya.pandey907@example.com,7550694403,Noida,Canada
Vivaan,Arora,vivaan.arora908@example.com,9831403163,Birmingham,Germany
Joseph,White,joseph.white909@example.com,7617370098,Toronto,USA
Ananya,Gupta,ananya.gupta910@example.com,7159744041,Jaipur,India
Krishna,Goyal,krishna.goyal911@example.com,7547809062,Hyderabad,India
Isha,Mehta,isha.mehta912@example.com,7672150664,Seattle,France
Vivaan,Verma,vivaan.verma913@example.com,9242614549,Delhi,UK
Joseph,Anderson,joseph.anderson914@example.com,9965348236,Munich,Canada
Amit,Pandey,amit.pandey915@example.com,8411534310,Bengaluru,Australia
Krishna,Malhotra,krishna.malhotra916@example.com,7462541615,Chicago,Germany
Kunal,Thomas,kunal.thomas917@example.com,7563976770,Chicago,India
David,Saxena,david.saxena918@example.com,9619265025,Ahmedabad,Germany
Vivaan,Martin,vivaan.martin919@example.com,7356163079,Gurgaon,Australia
Robert,Kapoor,robert.kapoor920@example.com,9786463296,Chicago,France
Aarav,Arora,aarav.arora921@example.com,9761258634,Melbourne,Australia
Ritika,Saxena,ritika.saxena922@example.com,7168770005,Vancouver,UK
Amelia,Chopra,amelia.chopra923@example.com,9868653443,Lyon,Australia
Amelia,Johnson,amelia.johnson924@example.com,9110032521,Manchester,UK
William,Arora,william.arora925@example.com,8257932932,Chicago,UK
Aarav,Pandey,aarav.pandey926@example.com,8097480965,Chicago,France
Olivia,Anderson,olivia.anderson927@example.com,7350015222,Toronto,France
Robert,Chopra,robert.chopra928@example.com,7459446164,Bengaluru,USA
Ritika,Brown,ritika.brown929@example.com,8320378023,New York,India
Michael,Mishra,michael.mishra930@example.com,9263679165,Boston,USA
Neha,Jain,neha.jain931@example.com,8420410775,Bengaluru,France
Mia,Patel,mia.patel932@example.com,9066120008,Bengaluru,Australia
Neha,Iyer,neha.iyer933@example.com,7095328971,Ahmedabad,UK
Rohan,Smith,rohan.smith934@example.com,9482389607,Gurgaon,Germany
Abigail,Pandey,abigail.pandey935@example.com,7919485107,New York,India
Arjun,Harris,arjun.harris936@example.com,7262959837,Bengaluru,USA
Amit,Taylor,amit.taylor937@example.com,8644668043,Paris,Canada
Thomas,Martin,thomas.martin938@example.com,7389611577,Berlin,USA
Olivia,White,olivia.white939@example.com,7419539936,London,France
Krishna,Verma,krishna.verma940@example.com,8696685705,Melbourne,USA
Neha,Malhotra,neha.malhotra941@example.com,8009368012,Melbourne,UK
Robert,Pandey,robert.pandey942@example.com,8448278499,Hyderabad,Australia
Amelia,Reddy,amelia.reddy943@example.com,8424761248,Chicago,Canada
Vihaan,Sharma,vihaan.sharma944@example.com,9489491426,Vancouver,Australia
Sai,Taylor,sai.taylor945@example.com,7109995389,Munich,Australia
Nikhil,Sharma,nikhil.sharma946@example.com,7067078873,Gurgaon,France
Manish,Martin,manish.martin947@example.com,8185641066,Birmingham,USA
Rahul,Jain,rahul.jain948@example.com,7426099069,New York,Canada
Thomas,Singh,thomas.singh949@example.com,8306762089,Chennai,India
Krishna,Chopra,krishna.chopra950@example.com,8139852473,Pune,India
David,Anderson,david.anderson951@example.com,8750677139,Boston,Canada
Abigail,Bansal,abigail.bansal952@example.com,8076288905,Jaipur,UK
William,Anderson,william.anderson953@example.com,9363078977,London,India
Kunal,Martin,kunal.martin954@example.com,9669078640,Boston,France
Aditya,Chopra,aditya.chopra955@example.com,9606023334,Manchester,Germany
Vivaan,Jain,vivaan.jain956@example.com,7672924243,Toronto,Germany
Siddharth,Sharma,siddharth.sharma957@example.com,8689362889,San Francisco,India
Manish,Chopra,manish.chopra958@example.com,8675029838,Seattle,India
Charles,Saxena,charles.saxena959@example.com,9078135748,Ahmedabad,France
Ritika,Arora,ritika.arora960@example.com,8834114030,Berlin,France
William,Martin,william.martin961@example.com,8219944101,Hyderabad,USA
Olivia,Thomas,olivia.thomas962@example.com,8738363260,Mumbai,UK
Nikhil,White,nikhil.white963@example.com,9013702978,Paris,USA
Kunal,Joshi,kunal.joshi964@example.com,8894954473,Hyderabad,Canada
John,Jain,john.jain965@example.com,8787748772,San Francisco,France
Sneha,Gupta,sneha.gupta966@example.com,8322374054,San Francisco,UK
Neha,Mishra,neha.mishra967@example.com,8940179574,New York,UK
Amit,Malhotra,amit.malhotra968@example.com,9985444696,Jaipur,Australia
Olivia,Harris,olivia.harris969@example.com,8997267843,San Francisco,Canada
Pooja,Sharma,pooja.sharma970@example.com,8757354924,Lyon,India
Aditya,Kapoor,aditya.kapoor971@example.com,8431788769,Jaipur,Germany
Sai,Reddy,sai.reddy972@example.com,9565111495,Gurgaon,France
Evelyn,Johnson,evelyn.johnson973@example.com,7087622485,Seattle,USA
Pooja,Kapoor,pooja.kapoor974@example.com,9646118207,Vancouver,USA
Aarav,White,aarav.white975@example.com,8612491936,Delhi,Germany
Charlotte,Pandey,charlotte.pandey976@example.com,9313321422,Boston,Australia
James,Reddy,james.reddy977@example.com,9927838289,Melbourne,UK
Michael,Reddy,michael.reddy978@example.com,8853696084,San Francisco,Canada
Ananya,Saxena,ananya.saxena979@example.com,9014521491,Berlin,UK
John,Patel,john.patel980@example.com,7777648914,Vancouver,Germany
Isabella,Chopra,isabella.chopra981@example.com,9179944253,Vancouver,Germany
Mia,Reddy,mia.reddy982@example.com,7226692698,Noida,UK
Amelia,Iyer,amelia.iyer983@example.com,9273613850,Vancouver,France
Aarav,Martin,aarav.martin984@example.com,7804218397,Ahmedabad,UK
Kunal,Chopra,kunal.chopra985@example.com,9764350717,Boston,Germany
Mia,Pandey,mia.pandey986@example.com,9580945730,Birmingham,India
Sneha,Chopra,sneha.chopra987@example.com,7241354669,Gurgaon,Australia
Ananya,Smith,ananya.smith988@example.com,8731001222,New York,Australia
Krishna,Harris,krishna.harris989@example.com,8102189766,Pune,France
Emily,Martin,emily.martin990@example.com,7076552173,Delhi,UK
Pooja,Mehta,pooja.mehta991@example.com,8621741748,Munich,USA
Sophia,Verma,sophia.verma992@example.com,8662923824,Noida,USA
Emily,Joshi,emily.joshi993@example.com,7717923096,Chennai,France
Amelia,Sharma,amelia.sharma994@example.com,7028205301,Chennai,Canada
Krishna,Mishra,krishna.mishra995@example.com,7824774709,Vancouver,India
Isabella,Sharma,isabella.sharma996@example.com,7187793699,Toronto,USA
Vivaan,Reddy,vivaan.reddy997@example.com,9491738658,Chennai,Australia
Amit,Sharma,amit.sharma998@example.com,7479521428,Noida,Australia
Aditya,Taylor,aditya.taylor999@example.com,9754670330,Hyderabad,Australia
Pooja,Martin,pooja.martin1000@example.com,8224902519,Noida,Australia
Teresa,Rivera,teresa.rivera9999@mail.com,9600239790,South Davidmouth,Gambiana2
Laura,Robertson,laura.robertson9980@mail.com,9731302791,Port Stevenmouth,Angolia
Lawrence,Ross,lawrence.ross9971@mail.com,9334488563,New Julieside,Angolia